id,kode_provinsi,nama_provinsi,kode_kabupaten_kota,nama_kabupaten_kota,kelompok_usia,jumlah_korban,tahun
1,32,JAWA BARAT,3201,KABUPATEN BOGOR,0-5 TAHUN,0,2017
2,32,JAWA BARAT,3201,KABUPATEN BOGOR,6-12 TAHUN,1,2017
3,32,JAWA BARAT,3201,KABUPATEN BOGOR,13-17 TAHUN,0,2017
4,32,JAWA BARAT,3201,KABUPATEN BOGOR,18-24 TAHUN,0,2017
5,32,JAWA BARAT,3201,KABUPATEN BOGOR,25-44 TAHUN,0,2017
6,32,JAWA BARAT,3201,KABUPATEN BOGOR,45-59 TAHUN,0,2017
7,32,JAWA BARAT,3201,KABUPATEN BOGOR,60+ TAHUN,0,2017
8,32,JAWA BARAT,3202,KABUPATEN SUKABUMI,0-5 TAHUN,1,2017
9,32,JAWA BARAT,3202,KABUPATEN SUKABUMI,6-12 TAHUN,1,2017
10,32,JAWA BARAT,3202,KABUPATEN SUKABUMI,13-17 TAHUN,2,2017
11,32,JAWA BARAT,3202,KABUPATEN SUKABUMI,18-24 TAHUN,0,2017
12,32,JAWA BARAT,3202,KABUPATEN SUKABUMI,25-44 TAHUN,0,2017
13,32,JAWA BARAT,3202,KABUPATEN SUKABUMI,45-59 TAHUN,0,2017
14,32,JAWA BARAT,3202,KABUPATEN SUKABUMI,60+ TAHUN,0,2017
15,32,JAWA BARAT,3203,KABUPATEN CIANJUR,0-5 TAHUN,0,2017
16,32,JAWA BARAT,3203,KABUPATEN CIANJUR,6-12 TAHUN,1,2017
17,32,JAWA BARAT,3203,KABUPATEN CIANJUR,13-17 TAHUN,1,2017
18,32,JAWA BARAT,3203,KABUPATEN CIANJUR,18-24 TAHUN,0,2017
19,32,JAWA BARAT,3203,KABUPATEN CIANJUR,25-44 TAHUN,0,2017
20,32,JAWA BARAT,3203,KABUPATEN CIANJUR,45-59 TAHUN,0,2017
21,32,JAWA BARAT,3203,KABUPATEN CIANJUR,60+ TAHUN,0,2017
22,32,JAWA BARAT,3204,KABUPATEN BANDUNG,0-5 TAHUN,5,2017
23,32,JAWA BARAT,3204,KABUPATEN BANDUNG,6-12 TAHUN,17,2017
24,32,JAWA BARAT,3204,KABUPATEN BANDUNG,13-17 TAHUN,13,2017
25,32,JAWA BARAT,3204,KABUPATEN BANDUNG,18-24 TAHUN,0,2017
26,32,JAWA BARAT,3204,KABUPATEN BANDUNG,25-44 TAHUN,0,2017
27,32,JAWA BARAT,3204,KABUPATEN BANDUNG,45-59 TAHUN,0,2017
28,32,JAWA BARAT,3204,KABUPATEN BANDUNG,60+ TAHUN,0,2017
29,32,JAWA BARAT,3205,KABUPATEN GARUT,0-5 TAHUN,0,2017
30,32,JAWA BARAT,3205,KABUPATEN GARUT,6-12 TAHUN,0,2017
31,32,JAWA BARAT,3205,KABUPATEN GARUT,13-17 TAHUN,0,2017
32,32,JAWA BARAT,3205,KABUPATEN GARUT,18-24 TAHUN,0,2017
33,32,JAWA BARAT,3205,KABUPATEN GARUT,25-44 TAHUN,0,2017
34,32,JAWA BARAT,3205,KABUPATEN GARUT,45-59 TAHUN,0,2017
35,32,JAWA BARAT,3205,KABUPATEN GARUT,60+ TAHUN,0,2017
36,32,JAWA BARAT,3206,KABUPATEN TASIKMALAYA,0-5 TAHUN,2,2017
37,32,JAWA BARAT,3206,KABUPATEN TASIKMALAYA,6-12 TAHUN,0,2017
38,32,JAWA BARAT,3206,KABUPATEN TASIKMALAYA,13-17 TAHUN,4,2017
39,32,JAWA BARAT,3206,KABUPATEN TASIKMALAYA,18-24 TAHUN,0,2017
40,32,JAWA BARAT,3206,KABUPATEN TASIKMALAYA,25-44 TAHUN,0,2017
41,32,JAWA BARAT,3206,KABUPATEN TASIKMALAYA,45-59 TAHUN,0,2017
42,32,JAWA BARAT,3206,KABUPATEN TASIKMALAYA,60+ TAHUN,0,2017
43,32,JAWA BARAT,3207,KABUPATEN CIAMIS,0-5 TAHUN,1,2017
44,32,JAWA BARAT,3207,KABUPATEN CIAMIS,6-12 TAHUN,1,2017
45,32,JAWA BARAT,3207,KABUPATEN CIAMIS,13-17 TAHUN,4,2017
46,32,JAWA BARAT,3207,KABUPATEN CIAMIS,18-24 TAHUN,0,2017
47,32,JAWA BARAT,3207,KABUPATEN CIAMIS,25-44 TAHUN,0,2017
48,32,JAWA BARAT,3207,KABUPATEN CIAMIS,45-59 TAHUN,0,2017
49,32,JAWA BARAT,3207,KABUPATEN CIAMIS,60+ TAHUN,0,2017
50,32,JAWA BARAT,3208,KABUPATEN KUNINGAN,0-5 TAHUN,0,2017
51,32,JAWA BARAT,3208,KABUPATEN KUNINGAN,6-12 TAHUN,0,2017
52,32,JAWA BARAT,3208,KABUPATEN KUNINGAN,13-17 TAHUN,0,2017
53,32,JAWA BARAT,3208,KABUPATEN KUNINGAN,18-24 TAHUN,0,2017
54,32,JAWA BARAT,3208,KABUPATEN KUNINGAN,25-44 TAHUN,0,2017
55,32,JAWA BARAT,3208,KABUPATEN KUNINGAN,45-59 TAHUN,0,2017
56,32,JAWA BARAT,3208,KABUPATEN KUNINGAN,60+ TAHUN,0,2017
57,32,JAWA BARAT,3209,KABUPATEN CIREBON,0-5 TAHUN,0,2017
58,32,JAWA BARAT,3209,KABUPATEN CIREBON,6-12 TAHUN,1,2017
59,32,JAWA BARAT,3209,KABUPATEN CIREBON,13-17 TAHUN,1,2017
60,32,JAWA BARAT,3209,KABUPATEN CIREBON,18-24 TAHUN,0,2017
61,32,JAWA BARAT,3209,KABUPATEN CIREBON,25-44 TAHUN,0,2017
62,32,JAWA BARAT,3209,KABUPATEN CIREBON,45-59 TAHUN,0,2017
63,32,JAWA BARAT,3209,KABUPATEN CIREBON,60+ TAHUN,0,2017
64,32,JAWA BARAT,3210,KABUPATEN MAJALENGKA,0-5 TAHUN,0,2017
65,32,JAWA BARAT,3210,KABUPATEN MAJALENGKA,6-12 TAHUN,0,2017
66,32,JAWA BARAT,3210,KABUPATEN MAJALENGKA,13-17 TAHUN,0,2017
67,32,JAWA BARAT,3210,KABUPATEN MAJALENGKA,18-24 TAHUN,0,2017
68,32,JAWA BARAT,3210,KABUPATEN MAJALENGKA,25-44 TAHUN,0,2017
69,32,JAWA BARAT,3210,KABUPATEN MAJALENGKA,45-59 TAHUN,0,2017
70,32,JAWA BARAT,3210,KABUPATEN MAJALENGKA,60+ TAHUN,0,2017
71,32,JAWA BARAT,3211,KABUPATEN SUMEDANG,0-5 TAHUN,0,2017
72,32,JAWA BARAT,3211,KABUPATEN SUMEDANG,6-12 TAHUN,2,2017
73,32,JAWA BARAT,3211,KABUPATEN SUMEDANG,13-17 TAHUN,2,2017
74,32,JAWA BARAT,3211,KABUPATEN SUMEDANG,18-24 TAHUN,0,2017
75,32,JAWA BARAT,3211,KABUPATEN SUMEDANG,25-44 TAHUN,0,2017
76,32,JAWA BARAT,3211,KABUPATEN SUMEDANG,45-59 TAHUN,0,2017
77,32,JAWA BARAT,3211,KABUPATEN SUMEDANG,60+ TAHUN,0,2017
78,32,JAWA BARAT,3212,KABUPATEN INDRAMAYU,0-5 TAHUN,0,2017
79,32,JAWA BARAT,3212,KABUPATEN INDRAMAYU,6-12 TAHUN,0,2017
80,32,JAWA BARAT,3212,KABUPATEN INDRAMAYU,13-17 TAHUN,0,2017
81,32,JAWA BARAT,3212,KABUPATEN INDRAMAYU,18-24 TAHUN,0,2017
82,32,JAWA BARAT,3212,KABUPATEN INDRAMAYU,25-44 TAHUN,0,2017
83,32,JAWA BARAT,3212,KABUPATEN INDRAMAYU,45-59 TAHUN,0,2017
84,32,JAWA BARAT,3212,KABUPATEN INDRAMAYU,60+ TAHUN,0,2017
85,32,JAWA BARAT,3213,KABUPATEN SUBANG,0-5 TAHUN,0,2017
86,32,JAWA BARAT,3213,KABUPATEN SUBANG,6-12 TAHUN,2,2017
87,32,JAWA BARAT,3213,KABUPATEN SUBANG,13-17 TAHUN,0,2017
88,32,JAWA BARAT,3213,KABUPATEN SUBANG,18-24 TAHUN,0,2017
89,32,JAWA BARAT,3213,KABUPATEN SUBANG,25-44 TAHUN,0,2017
90,32,JAWA BARAT,3213,KABUPATEN SUBANG,45-59 TAHUN,0,2017
91,32,JAWA BARAT,3213,KABUPATEN SUBANG,60+ TAHUN,0,2017
92,32,JAWA BARAT,3214,KABUPATEN PURWAKARTA,0-5 TAHUN,0,2017
93,32,JAWA BARAT,3214,KABUPATEN PURWAKARTA,6-12 TAHUN,1,2017
94,32,JAWA BARAT,3214,KABUPATEN PURWAKARTA,13-17 TAHUN,0,2017
95,32,JAWA BARAT,3214,KABUPATEN PURWAKARTA,18-24 TAHUN,0,2017
96,32,JAWA BARAT,3214,KABUPATEN PURWAKARTA,25-44 TAHUN,0,2017
97,32,JAWA BARAT,3214,KABUPATEN PURWAKARTA,45-59 TAHUN,0,2017
98,32,JAWA BARAT,3214,KABUPATEN PURWAKARTA,60+ TAHUN,0,2017
99,32,JAWA BARAT,3215,KABUPATEN KARAWANG,0-5 TAHUN,0,2017
100,32,JAWA BARAT,3215,KABUPATEN KARAWANG,6-12 TAHUN,5,2017
101,32,JAWA BARAT,3215,KABUPATEN KARAWANG,13-17 TAHUN,0,2017
102,32,JAWA BARAT,3215,KABUPATEN KARAWANG,18-24 TAHUN,0,2017
103,32,JAWA BARAT,3215,KABUPATEN KARAWANG,25-44 TAHUN,0,2017
104,32,JAWA BARAT,3215,KABUPATEN KARAWANG,45-59 TAHUN,0,2017
105,32,JAWA BARAT,3215,KABUPATEN KARAWANG,60+ TAHUN,0,2017
106,32,JAWA BARAT,3216,KABUPATEN BEKASI,0-5 TAHUN,0,2017
107,32,JAWA BARAT,3216,KABUPATEN BEKASI,6-12 TAHUN,0,2017
108,32,JAWA BARAT,3216,KABUPATEN BEKASI,13-17 TAHUN,0,2017
109,32,JAWA BARAT,3216,KABUPATEN BEKASI,18-24 TAHUN,0,2017
110,32,JAWA BARAT,3216,KABUPATEN BEKASI,25-44 TAHUN,0,2017
111,32,JAWA BARAT,3216,KABUPATEN BEKASI,45-59 TAHUN,0,2017
112,32,JAWA BARAT,3216,KABUPATEN BEKASI,60+ TAHUN,0,2017
113,32,JAWA BARAT,3217,KABUPATEN BANDUNG BARAT,0-5 TAHUN,1,2017
114,32,JAWA BARAT,3217,KABUPATEN BANDUNG BARAT,6-12 TAHUN,1,2017
115,32,JAWA BARAT,3217,KABUPATEN BANDUNG BARAT,13-17 TAHUN,0,2017
116,32,JAWA BARAT,3217,KABUPATEN BANDUNG BARAT,18-24 TAHUN,0,2017
117,32,JAWA BARAT,3217,KABUPATEN BANDUNG BARAT,25-44 TAHUN,0,2017
118,32,JAWA BARAT,3217,KABUPATEN BANDUNG BARAT,45-59 TAHUN,0,2017
119,32,JAWA BARAT,3217,KABUPATEN BANDUNG BARAT,60+ TAHUN,0,2017
120,32,JAWA BARAT,3218,KABUPATEN PANGANDARAN,0-5 TAHUN,0,2017
121,32,JAWA BARAT,3218,KABUPATEN PANGANDARAN,6-12 TAHUN,1,2017
122,32,JAWA BARAT,3218,KABUPATEN PANGANDARAN,13-17 TAHUN,1,2017
123,32,JAWA BARAT,3218,KABUPATEN PANGANDARAN,18-24 TAHUN,0,2017
124,32,JAWA BARAT,3218,KABUPATEN PANGANDARAN,25-44 TAHUN,0,2017
125,32,JAWA BARAT,3218,KABUPATEN PANGANDARAN,45-59 TAHUN,0,2017
126,32,JAWA BARAT,3218,KABUPATEN PANGANDARAN,60+ TAHUN,0,2017
127,32,JAWA BARAT,3271,KOTA BOGOR,0-5 TAHUN,0,2017
128,32,JAWA BARAT,3271,KOTA BOGOR,6-12 TAHUN,0,2017
129,32,JAWA BARAT,3271,KOTA BOGOR,13-17 TAHUN,1,2017
130,32,JAWA BARAT,3271,KOTA BOGOR,18-24 TAHUN,0,2017
131,32,JAWA BARAT,3271,KOTA BOGOR,25-44 TAHUN,0,2017
132,32,JAWA BARAT,3271,KOTA BOGOR,45-59 TAHUN,0,2017
133,32,JAWA BARAT,3271,KOTA BOGOR,60+ TAHUN,0,2017
134,32,JAWA BARAT,3272,KOTA SUKABUMI,0-5 TAHUN,0,2017
135,32,JAWA BARAT,3272,KOTA SUKABUMI,6-12 TAHUN,1,2017
136,32,JAWA BARAT,3272,KOTA SUKABUMI,13-17 TAHUN,0,2017
137,32,JAWA BARAT,3272,KOTA SUKABUMI,18-24 TAHUN,0,2017
138,32,JAWA BARAT,3272,KOTA SUKABUMI,25-44 TAHUN,0,2017
139,32,JAWA BARAT,3272,KOTA SUKABUMI,45-59 TAHUN,0,2017
140,32,JAWA BARAT,3272,KOTA SUKABUMI,60+ TAHUN,0,2017
141,32,JAWA BARAT,3273,KOTA BANDUNG,0-5 TAHUN,7,2017
142,32,JAWA BARAT,3273,KOTA BANDUNG,6-12 TAHUN,4,2017
143,32,JAWA BARAT,3273,KOTA BANDUNG,13-17 TAHUN,0,2017
144,32,JAWA BARAT,3273,KOTA BANDUNG,18-24 TAHUN,0,2017
145,32,JAWA BARAT,3273,KOTA BANDUNG,25-44 TAHUN,0,2017
146,32,JAWA BARAT,3273,KOTA BANDUNG,45-59 TAHUN,0,2017
147,32,JAWA BARAT,3273,KOTA BANDUNG,60+ TAHUN,0,2017
148,32,JAWA BARAT,3274,KOTA CIREBON,0-5 TAHUN,0,2017
149,32,JAWA BARAT,3274,KOTA CIREBON,6-12 TAHUN,0,2017
150,32,JAWA BARAT,3274,KOTA CIREBON,13-17 TAHUN,0,2017
151,32,JAWA BARAT,3274,KOTA CIREBON,18-24 TAHUN,0,2017
152,32,JAWA BARAT,3274,KOTA CIREBON,25-44 TAHUN,0,2017
153,32,JAWA BARAT,3274,KOTA CIREBON,45-59 TAHUN,0,2017
154,32,JAWA BARAT,3274,KOTA CIREBON,60+ TAHUN,0,2017
155,32,JAWA BARAT,3275,KOTA BEKASI,0-5 TAHUN,1,2017
156,32,JAWA BARAT,3275,KOTA BEKASI,6-12 TAHUN,0,2017
157,32,JAWA BARAT,3275,KOTA BEKASI,13-17 TAHUN,0,2017
158,32,JAWA BARAT,3275,KOTA BEKASI,18-24 TAHUN,0,2017
159,32,JAWA BARAT,3275,KOTA BEKASI,25-44 TAHUN,0,2017
160,32,JAWA BARAT,3275,KOTA BEKASI,45-59 TAHUN,0,2017
161,32,JAWA BARAT,3275,KOTA BEKASI,60+ TAHUN,0,2017
162,32,JAWA BARAT,3276,KOTA DEPOK,0-5 TAHUN,0,2017
163,32,JAWA BARAT,3276,KOTA DEPOK,6-12 TAHUN,7,2017
164,32,JAWA BARAT,3276,KOTA DEPOK,13-17 TAHUN,5,2017
165,32,JAWA BARAT,3276,KOTA DEPOK,18-24 TAHUN,0,2017
166,32,JAWA BARAT,3276,KOTA DEPOK,25-44 TAHUN,0,2017
167,32,JAWA BARAT,3276,KOTA DEPOK,45-59 TAHUN,0,2017
168,32,JAWA BARAT,3276,KOTA DEPOK,60+ TAHUN,0,2017
169,32,JAWA BARAT,3277,KOTA CIMAHI,0-5 TAHUN,2,2017
170,32,JAWA BARAT,3277,KOTA CIMAHI,6-12 TAHUN,1,2017
171,32,JAWA BARAT,3277,KOTA CIMAHI,13-17 TAHUN,0,2017
172,32,JAWA BARAT,3277,KOTA CIMAHI,18-24 TAHUN,0,2017
173,32,JAWA BARAT,3277,KOTA CIMAHI,25-44 TAHUN,0,2017
174,32,JAWA BARAT,3277,KOTA CIMAHI,45-59 TAHUN,0,2017
175,32,JAWA BARAT,3277,KOTA CIMAHI,60+ TAHUN,0,2017
176,32,JAWA BARAT,3278,KOTA TASIKMALAYA,0-5 TAHUN,0,2017
177,32,JAWA BARAT,3278,KOTA TASIKMALAYA,6-12 TAHUN,2,2017
178,32,JAWA BARAT,3278,KOTA TASIKMALAYA,13-17 TAHUN,3,2017
179,32,JAWA BARAT,3278,KOTA TASIKMALAYA,18-24 TAHUN,0,2017
180,32,JAWA BARAT,3278,KOTA TASIKMALAYA,25-44 TAHUN,0,2017
181,32,JAWA BARAT,3278,KOTA TASIKMALAYA,45-59 TAHUN,0,2017
182,32,JAWA BARAT,3278,KOTA TASIKMALAYA,60+ TAHUN,0,2017
183,32,JAWA BARAT,3279,KOTA BANJAR,0-5 TAHUN,0,2017
184,32,JAWA BARAT,3279,KOTA BANJAR,6-12 TAHUN,0,2017
185,32,JAWA BARAT,3279,KOTA BANJAR,13-17 TAHUN,1,2017
186,32,JAWA BARAT,3279,KOTA BANJAR,18-24 TAHUN,0,2017
187,32,JAWA BARAT,3279,KOTA BANJAR,25-44 TAHUN,0,2017
188,32,JAWA BARAT,3279,KOTA BANJAR,45-59 TAHUN,0,2017
189,32,JAWA BARAT,3279,KOTA BANJAR,60+ TAHUN,0,2017
190,32,JAWA BARAT,3201,KABUPATEN BOGOR,0-5 TAHUN,0,2018
191,32,JAWA BARAT,3201,KABUPATEN BOGOR,6-12 TAHUN,0,2018
192,32,JAWA BARAT,3201,KABUPATEN BOGOR,13-17 TAHUN,0,2018
193,32,JAWA BARAT,3201,KABUPATEN BOGOR,18-24 TAHUN,0,2018
194,32,JAWA BARAT,3201,KABUPATEN BOGOR,25-44 TAHUN,0,2018
195,32,JAWA BARAT,3201,KABUPATEN BOGOR,45-59 TAHUN,0,2018
196,32,JAWA BARAT,3201,KABUPATEN BOGOR,60+ TAHUN,0,2018
197,32,JAWA BARAT,3202,KABUPATEN SUKABUMI,0-5 TAHUN,0,2018
198,32,JAWA BARAT,3202,KABUPATEN SUKABUMI,6-12 TAHUN,11,2018
199,32,JAWA BARAT,3202,KABUPATEN SUKABUMI,13-17 TAHUN,3,2018
200,32,JAWA BARAT,3202,KABUPATEN SUKABUMI,18-24 TAHUN,0,2018
201,32,JAWA BARAT,3202,KABUPATEN SUKABUMI,25-44 TAHUN,0,2018
202,32,JAWA BARAT,3202,KABUPATEN SUKABUMI,45-59 TAHUN,0,2018
203,32,JAWA BARAT,3202,KABUPATEN SUKABUMI,60+ TAHUN,0,2018
204,32,JAWA BARAT,3203,KABUPATEN CIANJUR,0-5 TAHUN,1,2018
205,32,JAWA BARAT,3203,KABUPATEN CIANJUR,6-12 TAHUN,3,2018
206,32,JAWA BARAT,3203,KABUPATEN CIANJUR,13-17 TAHUN,0,2018
207,32,JAWA BARAT,3203,KABUPATEN CIANJUR,18-24 TAHUN,0,2018
208,32,JAWA BARAT,3203,KABUPATEN CIANJUR,25-44 TAHUN,0,2018
209,32,JAWA BARAT,3203,KABUPATEN CIANJUR,45-59 TAHUN,0,2018
210,32,JAWA BARAT,3203,KABUPATEN CIANJUR,60+ TAHUN,0,2018
211,32,JAWA BARAT,3204,KABUPATEN BANDUNG,0-5 TAHUN,1,2018
212,32,JAWA BARAT,3204,KABUPATEN BANDUNG,6-12 TAHUN,5,2018
213,32,JAWA BARAT,3204,KABUPATEN BANDUNG,13-17 TAHUN,6,2018
214,32,JAWA BARAT,3204,KABUPATEN BANDUNG,18-24 TAHUN,0,2018
215,32,JAWA BARAT,3204,KABUPATEN BANDUNG,25-44 TAHUN,0,2018
216,32,JAWA BARAT,3204,KABUPATEN BANDUNG,45-59 TAHUN,0,2018
217,32,JAWA BARAT,3204,KABUPATEN BANDUNG,60+ TAHUN,0,2018
218,32,JAWA BARAT,3205,KABUPATEN GARUT,0-5 TAHUN,2,2018
219,32,JAWA BARAT,3205,KABUPATEN GARUT,6-12 TAHUN,5,2018
220,32,JAWA BARAT,3205,KABUPATEN GARUT,13-17 TAHUN,4,2018
221,32,JAWA BARAT,3205,KABUPATEN GARUT,18-24 TAHUN,0,2018
222,32,JAWA BARAT,3205,KABUPATEN GARUT,25-44 TAHUN,0,2018
223,32,JAWA BARAT,3205,KABUPATEN GARUT,45-59 TAHUN,0,2018
224,32,JAWA BARAT,3205,KABUPATEN GARUT,60+ TAHUN,0,2018
225,32,JAWA BARAT,3206,KABUPATEN TASIKMALAYA,0-5 TAHUN,3,2018
226,32,JAWA BARAT,3206,KABUPATEN TASIKMALAYA,6-12 TAHUN,10,2018
227,32,JAWA BARAT,3206,KABUPATEN TASIKMALAYA,13-17 TAHUN,0,2018
228,32,JAWA BARAT,3206,KABUPATEN TASIKMALAYA,18-24 TAHUN,0,2018
229,32,JAWA BARAT,3206,KABUPATEN TASIKMALAYA,25-44 TAHUN,0,2018
230,32,JAWA BARAT,3206,KABUPATEN TASIKMALAYA,45-59 TAHUN,0,2018
231,32,JAWA BARAT,3206,KABUPATEN TASIKMALAYA,60+ TAHUN,0,2018
232,32,JAWA BARAT,3207,KABUPATEN CIAMIS,0-5 TAHUN,0,2018
233,32,JAWA BARAT,3207,KABUPATEN CIAMIS,6-12 TAHUN,0,2018
234,32,JAWA BARAT,3207,KABUPATEN CIAMIS,13-17 TAHUN,0,2018
235,32,JAWA BARAT,3207,KABUPATEN CIAMIS,18-24 TAHUN,0,2018
236,32,JAWA BARAT,3207,KABUPATEN CIAMIS,25-44 TAHUN,0,2018
237,32,JAWA BARAT,3207,KABUPATEN CIAMIS,45-59 TAHUN,0,2018
238,32,JAWA BARAT,3207,KABUPATEN CIAMIS,60+ TAHUN,0,2018
239,32,JAWA BARAT,3208,KABUPATEN KUNINGAN,0-5 TAHUN,0,2018
240,32,JAWA BARAT,3208,KABUPATEN KUNINGAN,6-12 TAHUN,0,2018
241,32,JAWA BARAT,3208,KABUPATEN KUNINGAN,13-17 TAHUN,5,2018
242,32,JAWA BARAT,3208,KABUPATEN KUNINGAN,18-24 TAHUN,0,2018
243,32,JAWA BARAT,3208,KABUPATEN KUNINGAN,25-44 TAHUN,0,2018
244,32,JAWA BARAT,3208,KABUPATEN KUNINGAN,45-59 TAHUN,0,2018
245,32,JAWA BARAT,3208,KABUPATEN KUNINGAN,60+ TAHUN,0,2018
246,32,JAWA BARAT,3209,KABUPATEN CIREBON,0-5 TAHUN,3,2018
247,32,JAWA BARAT,3209,KABUPATEN CIREBON,6-12 TAHUN,0,2018
248,32,JAWA BARAT,3209,KABUPATEN CIREBON,13-17 TAHUN,2,2018
249,32,JAWA BARAT,3209,KABUPATEN CIREBON,18-24 TAHUN,0,2018
250,32,JAWA BARAT,3209,KABUPATEN CIREBON,25-44 TAHUN,0,2018
251,32,JAWA BARAT,3209,KABUPATEN CIREBON,45-59 TAHUN,0,2018
252,32,JAWA BARAT,3209,KABUPATEN CIREBON,60+ TAHUN,0,2018
253,32,JAWA BARAT,3210,KABUPATEN MAJALENGKA,0-5 TAHUN,0,2018
254,32,JAWA BARAT,3210,KABUPATEN MAJALENGKA,6-12 TAHUN,1,2018
255,32,JAWA BARAT,3210,KABUPATEN MAJALENGKA,13-17 TAHUN,3,2018
256,32,JAWA BARAT,3210,KABUPATEN MAJALENGKA,18-24 TAHUN,0,2018
257,32,JAWA BARAT,3210,KABUPATEN MAJALENGKA,25-44 TAHUN,0,2018
258,32,JAWA BARAT,3210,KABUPATEN MAJALENGKA,45-59 TAHUN,0,2018
259,32,JAWA BARAT,3210,KABUPATEN MAJALENGKA,60+ TAHUN,0,2018
260,32,JAWA BARAT,3211,KABUPATEN SUMEDANG,0-5 TAHUN,1,2018
261,32,JAWA BARAT,3211,KABUPATEN SUMEDANG,6-12 TAHUN,1,2018
262,32,JAWA BARAT,3211,KABUPATEN SUMEDANG,13-17 TAHUN,3,2018
263,32,JAWA BARAT,3211,KABUPATEN SUMEDANG,18-24 TAHUN,0,2018
264,32,JAWA BARAT,3211,KABUPATEN SUMEDANG,25-44 TAHUN,0,2018
265,32,JAWA BARAT,3211,KABUPATEN SUMEDANG,45-59 TAHUN,0,2018
266,32,JAWA BARAT,3211,KABUPATEN SUMEDANG,60+ TAHUN,0,2018
267,32,JAWA BARAT,3212,KABUPATEN INDRAMAYU,0-5 TAHUN,1,2018
268,32,JAWA BARAT,3212,KABUPATEN INDRAMAYU,6-12 TAHUN,2,2018
269,32,JAWA BARAT,3212,KABUPATEN INDRAMAYU,13-17 TAHUN,0,2018
270,32,JAWA BARAT,3212,KABUPATEN INDRAMAYU,18-24 TAHUN,0,2018
271,32,JAWA BARAT,3212,KABUPATEN INDRAMAYU,25-44 TAHUN,0,2018
272,32,JAWA BARAT,3212,KABUPATEN INDRAMAYU,45-59 TAHUN,0,2018
273,32,JAWA BARAT,3212,KABUPATEN INDRAMAYU,60+ TAHUN,0,2018
274,32,JAWA BARAT,3213,KABUPATEN SUBANG,0-5 TAHUN,0,2018
275,32,JAWA BARAT,3213,KABUPATEN SUBANG,6-12 TAHUN,5,2018
276,32,JAWA BARAT,3213,KABUPATEN SUBANG,13-17 TAHUN,10,2018
277,32,JAWA BARAT,3213,KABUPATEN SUBANG,18-24 TAHUN,0,2018
278,32,JAWA BARAT,3213,KABUPATEN SUBANG,25-44 TAHUN,0,2018
279,32,JAWA BARAT,3213,KABUPATEN SUBANG,45-59 TAHUN,0,2018
280,32,JAWA BARAT,3213,KABUPATEN SUBANG,60+ TAHUN,0,2018
281,32,JAWA BARAT,3214,KABUPATEN PURWAKARTA,0-5 TAHUN,0,2018
282,32,JAWA BARAT,3214,KABUPATEN PURWAKARTA,6-12 TAHUN,1,2018
283,32,JAWA BARAT,3214,KABUPATEN PURWAKARTA,13-17 TAHUN,2,2018
284,32,JAWA BARAT,3214,KABUPATEN PURWAKARTA,18-24 TAHUN,0,2018
285,32,JAWA BARAT,3214,KABUPATEN PURWAKARTA,25-44 TAHUN,0,2018
286,32,JAWA BARAT,3214,KABUPATEN PURWAKARTA,45-59 TAHUN,0,2018
287,32,JAWA BARAT,3214,KABUPATEN PURWAKARTA,60+ TAHUN,0,2018
288,32,JAWA BARAT,3215,KABUPATEN KARAWANG,0-5 TAHUN,1,2018
289,32,JAWA BARAT,3215,KABUPATEN KARAWANG,6-12 TAHUN,1,2018
290,32,JAWA BARAT,3215,KABUPATEN KARAWANG,13-17 TAHUN,3,2018
291,32,JAWA BARAT,3215,KABUPATEN KARAWANG,18-24 TAHUN,0,2018
292,32,JAWA BARAT,3215,KABUPATEN KARAWANG,25-44 TAHUN,0,2018
293,32,JAWA BARAT,3215,KABUPATEN KARAWANG,45-59 TAHUN,0,2018
294,32,JAWA BARAT,3215,KABUPATEN KARAWANG,60+ TAHUN,0,2018
295,32,JAWA BARAT,3216,KABUPATEN BEKASI,0-5 TAHUN,2,2018
296,32,JAWA BARAT,3216,KABUPATEN BEKASI,6-12 TAHUN,6,2018
297,32,JAWA BARAT,3216,KABUPATEN BEKASI,13-17 TAHUN,5,2018
298,32,JAWA BARAT,3216,KABUPATEN BEKASI,18-24 TAHUN,0,2018
299,32,JAWA BARAT,3216,KABUPATEN BEKASI,25-44 TAHUN,0,2018
300,32,JAWA BARAT,3216,KABUPATEN BEKASI,45-59 TAHUN,0,2018
301,32,JAWA BARAT,3216,KABUPATEN BEKASI,60+ TAHUN,0,2018
302,32,JAWA BARAT,3217,KABUPATEN BANDUNG BARAT,0-5 TAHUN,2,2018
303,32,JAWA BARAT,3217,KABUPATEN BANDUNG BARAT,6-12 TAHUN,2,2018
304,32,JAWA BARAT,3217,KABUPATEN BANDUNG BARAT,13-17 TAHUN,1,2018
305,32,JAWA BARAT,3217,KABUPATEN BANDUNG BARAT,18-24 TAHUN,0,2018
306,32,JAWA BARAT,3217,KABUPATEN BANDUNG BARAT,25-44 TAHUN,0,2018
307,32,JAWA BARAT,3217,KABUPATEN BANDUNG BARAT,45-59 TAHUN,0,2018
308,32,JAWA BARAT,3217,KABUPATEN BANDUNG BARAT,60+ TAHUN,0,2018
309,32,JAWA BARAT,3218,KABUPATEN PANGANDARAN,0-5 TAHUN,0,2018
310,32,JAWA BARAT,3218,KABUPATEN PANGANDARAN,6-12 TAHUN,0,2018
311,32,JAWA BARAT,3218,KABUPATEN PANGANDARAN,13-17 TAHUN,0,2018
312,32,JAWA BARAT,3218,KABUPATEN PANGANDARAN,18-24 TAHUN,0,2018
313,32,JAWA BARAT,3218,KABUPATEN PANGANDARAN,25-44 TAHUN,0,2018
314,32,JAWA BARAT,3218,KABUPATEN PANGANDARAN,45-59 TAHUN,0,2018
315,32,JAWA BARAT,3218,KABUPATEN PANGANDARAN,60+ TAHUN,0,2018
316,32,JAWA BARAT,3271,KOTA BOGOR,0-5 TAHUN,0,2018
317,32,JAWA BARAT,3271,KOTA BOGOR,6-12 TAHUN,9,2018
318,32,JAWA BARAT,3271,KOTA BOGOR,13-17 TAHUN,3,2018
319,32,JAWA BARAT,3271,KOTA BOGOR,18-24 TAHUN,0,2018
320,32,JAWA BARAT,3271,KOTA BOGOR,25-44 TAHUN,0,2018
321,32,JAWA BARAT,3271,KOTA BOGOR,45-59 TAHUN,0,2018
322,32,JAWA BARAT,3271,KOTA BOGOR,60+ TAHUN,0,2018
323,32,JAWA BARAT,3272,KOTA SUKABUMI,0-5 TAHUN,1,2018
324,32,JAWA BARAT,3272,KOTA SUKABUMI,6-12 TAHUN,10,2018
325,32,JAWA BARAT,3272,KOTA SUKABUMI,13-17 TAHUN,2,2018
326,32,JAWA BARAT,3272,KOTA SUKABUMI,18-24 TAHUN,0,2018
327,32,JAWA BARAT,3272,KOTA SUKABUMI,25-44 TAHUN,0,2018
328,32,JAWA BARAT,3272,KOTA SUKABUMI,45-59 TAHUN,0,2018
329,32,JAWA BARAT,3272,KOTA SUKABUMI,60+ TAHUN,0,2018
330,32,JAWA BARAT,3273,KOTA BANDUNG,0-5 TAHUN,2,2018
331,32,JAWA BARAT,3273,KOTA BANDUNG,6-12 TAHUN,5,2018
332,32,JAWA BARAT,3273,KOTA BANDUNG,13-17 TAHUN,4,2018
333,32,JAWA BARAT,3273,KOTA BANDUNG,18-24 TAHUN,0,2018
334,32,JAWA BARAT,3273,KOTA BANDUNG,25-44 TAHUN,0,2018
335,32,JAWA BARAT,3273,KOTA BANDUNG,45-59 TAHUN,0,2018
336,32,JAWA BARAT,3273,KOTA BANDUNG,60+ TAHUN,0,2018
337,32,JAWA BARAT,3274,KOTA CIREBON,0-5 TAHUN,0,2018
338,32,JAWA BARAT,3274,KOTA CIREBON,6-12 TAHUN,7,2018
339,32,JAWA BARAT,3274,KOTA CIREBON,13-17 TAHUN,1,2018
340,32,JAWA BARAT,3274,KOTA CIREBON,18-24 TAHUN,0,2018
341,32,JAWA BARAT,3274,KOTA CIREBON,25-44 TAHUN,0,2018
342,32,JAWA BARAT,3274,KOTA CIREBON,45-59 TAHUN,0,2018
343,32,JAWA BARAT,3274,KOTA CIREBON,60+ TAHUN,0,2018
344,32,JAWA BARAT,3275,KOTA BEKASI,0-5 TAHUN,0,2018
345,32,JAWA BARAT,3275,KOTA BEKASI,6-12 TAHUN,2,2018
346,32,JAWA BARAT,3275,KOTA BEKASI,13-17 TAHUN,0,2018
347,32,JAWA BARAT,3275,KOTA BEKASI,18-24 TAHUN,0,2018
348,32,JAWA BARAT,3275,KOTA BEKASI,25-44 TAHUN,0,2018
349,32,JAWA BARAT,3275,KOTA BEKASI,45-59 TAHUN,0,2018
350,32,JAWA BARAT,3275,KOTA BEKASI,60+ TAHUN,0,2018
351,32,JAWA BARAT,3276,KOTA DEPOK,0-5 TAHUN,0,2018
352,32,JAWA BARAT,3276,KOTA DEPOK,6-12 TAHUN,5,2018
353,32,JAWA BARAT,3276,KOTA DEPOK,13-17 TAHUN,13,2018
354,32,JAWA BARAT,3276,KOTA DEPOK,18-24 TAHUN,0,2018
355,32,JAWA BARAT,3276,KOTA DEPOK,25-44 TAHUN,0,2018
356,32,JAWA BARAT,3276,KOTA DEPOK,45-59 TAHUN,0,2018
357,32,JAWA BARAT,3276,KOTA DEPOK,60+ TAHUN,0,2018
358,32,JAWA BARAT,3277,KOTA CIMAHI,0-5 TAHUN,0,2018
359,32,JAWA BARAT,3277,KOTA CIMAHI,6-12 TAHUN,2,2018
360,32,JAWA BARAT,3277,KOTA CIMAHI,13-17 TAHUN,2,2018
361,32,JAWA BARAT,3277,KOTA CIMAHI,18-24 TAHUN,0,2018
362,32,JAWA BARAT,3277,KOTA CIMAHI,25-44 TAHUN,0,2018
363,32,JAWA BARAT,3277,KOTA CIMAHI,45-59 TAHUN,0,2018
364,32,JAWA BARAT,3277,KOTA CIMAHI,60+ TAHUN,0,2018
365,32,JAWA BARAT,3278,KOTA TASIKMALAYA,0-5 TAHUN,1,2018
366,32,JAWA BARAT,3278,KOTA TASIKMALAYA,6-12 TAHUN,2,2018
367,32,JAWA BARAT,3278,KOTA TASIKMALAYA,13-17 TAHUN,1,2018
368,32,JAWA BARAT,3278,KOTA TASIKMALAYA,18-24 TAHUN,0,2018
369,32,JAWA BARAT,3278,KOTA TASIKMALAYA,25-44 TAHUN,0,2018
370,32,JAWA BARAT,3278,KOTA TASIKMALAYA,45-59 TAHUN,0,2018
371,32,JAWA BARAT,3278,KOTA TASIKMALAYA,60+ TAHUN,0,2018
372,32,JAWA BARAT,3279,KOTA BANJAR,0-5 TAHUN,0,2018
373,32,JAWA BARAT,3279,KOTA BANJAR,6-12 TAHUN,1,2018
374,32,JAWA BARAT,3279,KOTA BANJAR,13-17 TAHUN,5,2018
375,32,JAWA BARAT,3279,KOTA BANJAR,18-24 TAHUN,0,2018
376,32,JAWA BARAT,3279,KOTA BANJAR,25-44 TAHUN,0,2018
377,32,JAWA BARAT,3279,KOTA BANJAR,45-59 TAHUN,0,2018
378,32,JAWA BARAT,3279,KOTA BANJAR,60+ TAHUN,0,2018
379,32,JAWA BARAT,3201,KABUPATEN BOGOR,0-5 TAHUN,1,2019
380,32,JAWA BARAT,3201,KABUPATEN BOGOR,6-12 TAHUN,0,2019
381,32,JAWA BARAT,3201,KABUPATEN BOGOR,13-17 TAHUN,0,2019
382,32,JAWA BARAT,3201,KABUPATEN BOGOR,18-24 TAHUN,0,2019
383,32,JAWA BARAT,3201,KABUPATEN BOGOR,25-44 TAHUN,0,2019
384,32,JAWA BARAT,3201,KABUPATEN BOGOR,45-59 TAHUN,0,2019
385,32,JAWA BARAT,3201,KABUPATEN BOGOR,60+ TAHUN,0,2019
386,32,JAWA BARAT,3202,KABUPATEN SUKABUMI,0-5 TAHUN,1,2019
387,32,JAWA BARAT,3202,KABUPATEN SUKABUMI,6-12 TAHUN,6,2019
388,32,JAWA BARAT,3202,KABUPATEN SUKABUMI,13-17 TAHUN,10,2019
389,32,JAWA BARAT,3202,KABUPATEN SUKABUMI,18-24 TAHUN,0,2019
390,32,JAWA BARAT,3202,KABUPATEN SUKABUMI,25-44 TAHUN,0,2019
391,32,JAWA BARAT,3202,KABUPATEN SUKABUMI,45-59 TAHUN,0,2019
392,32,JAWA BARAT,3202,KABUPATEN SUKABUMI,60+ TAHUN,0,2019
393,32,JAWA BARAT,3203,KABUPATEN CIANJUR,0-5 TAHUN,0,2019
394,32,JAWA BARAT,3203,KABUPATEN CIANJUR,6-12 TAHUN,0,2019
395,32,JAWA BARAT,3203,KABUPATEN CIANJUR,13-17 TAHUN,0,2019
396,32,JAWA BARAT,3203,KABUPATEN CIANJUR,18-24 TAHUN,0,2019
397,32,JAWA BARAT,3203,KABUPATEN CIANJUR,25-44 TAHUN,0,2019
398,32,JAWA BARAT,3203,KABUPATEN CIANJUR,45-59 TAHUN,0,2019
399,32,JAWA BARAT,3203,KABUPATEN CIANJUR,60+ TAHUN,0,2019
400,32,JAWA BARAT,3204,KABUPATEN BANDUNG,0-5 TAHUN,1,2019
401,32,JAWA BARAT,3204,KABUPATEN BANDUNG,6-12 TAHUN,9,2019
402,32,JAWA BARAT,3204,KABUPATEN BANDUNG,13-17 TAHUN,20,2019
403,32,JAWA BARAT,3204,KABUPATEN BANDUNG,18-24 TAHUN,0,2019
404,32,JAWA BARAT,3204,KABUPATEN BANDUNG,25-44 TAHUN,0,2019
405,32,JAWA BARAT,3204,KABUPATEN BANDUNG,45-59 TAHUN,0,2019
406,32,JAWA BARAT,3204,KABUPATEN BANDUNG,60+ TAHUN,0,2019
407,32,JAWA BARAT,3205,KABUPATEN GARUT,0-5 TAHUN,0,2019
408,32,JAWA BARAT,3205,KABUPATEN GARUT,6-12 TAHUN,0,2019
409,32,JAWA BARAT,3205,KABUPATEN GARUT,13-17 TAHUN,1,2019
410,32,JAWA BARAT,3205,KABUPATEN GARUT,18-24 TAHUN,0,2019
411,32,JAWA BARAT,3205,KABUPATEN GARUT,25-44 TAHUN,0,2019
412,32,JAWA BARAT,3205,KABUPATEN GARUT,45-59 TAHUN,0,2019
413,32,JAWA BARAT,3205,KABUPATEN GARUT,60+ TAHUN,0,2019
414,32,JAWA BARAT,3206,KABUPATEN TASIKMALAYA,0-5 TAHUN,0,2019
415,32,JAWA BARAT,3206,KABUPATEN TASIKMALAYA,6-12 TAHUN,2,2019
416,32,JAWA BARAT,3206,KABUPATEN TASIKMALAYA,13-17 TAHUN,0,2019
417,32,JAWA BARAT,3206,KABUPATEN TASIKMALAYA,18-24 TAHUN,0,2019
418,32,JAWA BARAT,3206,KABUPATEN TASIKMALAYA,25-44 TAHUN,0,2019
419,32,JAWA BARAT,3206,KABUPATEN TASIKMALAYA,45-59 TAHUN,0,2019
420,32,JAWA BARAT,3206,KABUPATEN TASIKMALAYA,60+ TAHUN,0,2019
421,32,JAWA BARAT,3207,KABUPATEN CIAMIS,0-5 TAHUN,1,2019
422,32,JAWA BARAT,3207,KABUPATEN CIAMIS,6-12 TAHUN,1,2019
423,32,JAWA BARAT,3207,KABUPATEN CIAMIS,13-17 TAHUN,1,2019
424,32,JAWA BARAT,3207,KABUPATEN CIAMIS,18-24 TAHUN,0,2019
425,32,JAWA BARAT,3207,KABUPATEN CIAMIS,25-44 TAHUN,0,2019
426,32,JAWA BARAT,3207,KABUPATEN CIAMIS,45-59 TAHUN,0,2019
427,32,JAWA BARAT,3207,KABUPATEN CIAMIS,60+ TAHUN,0,2019
428,32,JAWA BARAT,3208,KABUPATEN KUNINGAN,0-5 TAHUN,1,2019
429,32,JAWA BARAT,3208,KABUPATEN KUNINGAN,6-12 TAHUN,0,2019
430,32,JAWA BARAT,3208,KABUPATEN KUNINGAN,13-17 TAHUN,1,2019
431,32,JAWA BARAT,3208,KABUPATEN KUNINGAN,18-24 TAHUN,0,2019
432,32,JAWA BARAT,3208,KABUPATEN KUNINGAN,25-44 TAHUN,0,2019
433,32,JAWA BARAT,3208,KABUPATEN KUNINGAN,45-59 TAHUN,0,2019
434,32,JAWA BARAT,3208,KABUPATEN KUNINGAN,60+ TAHUN,0,2019
435,32,JAWA BARAT,3209,KABUPATEN CIREBON,0-5 TAHUN,3,2019
436,32,JAWA BARAT,3209,KABUPATEN CIREBON,6-12 TAHUN,19,2019
437,32,JAWA BARAT,3209,KABUPATEN CIREBON,13-17 TAHUN,12,2019
438,32,JAWA BARAT,3209,KABUPATEN CIREBON,18-24 TAHUN,0,2019
439,32,JAWA BARAT,3209,KABUPATEN CIREBON,25-44 TAHUN,0,2019
440,32,JAWA BARAT,3209,KABUPATEN CIREBON,45-59 TAHUN,0,2019
441,32,JAWA BARAT,3209,KABUPATEN CIREBON,60+ TAHUN,0,2019
442,32,JAWA BARAT,3210,KABUPATEN MAJALENGKA,0-5 TAHUN,0,2019
443,32,JAWA BARAT,3210,KABUPATEN MAJALENGKA,6-12 TAHUN,2,2019
444,32,JAWA BARAT,3210,KABUPATEN MAJALENGKA,13-17 TAHUN,3,2019
445,32,JAWA BARAT,3210,KABUPATEN MAJALENGKA,18-24 TAHUN,0,2019
446,32,JAWA BARAT,3210,KABUPATEN MAJALENGKA,25-44 TAHUN,0,2019
447,32,JAWA BARAT,3210,KABUPATEN MAJALENGKA,45-59 TAHUN,0,2019
448,32,JAWA BARAT,3210,KABUPATEN MAJALENGKA,60+ TAHUN,0,2019
449,32,JAWA BARAT,3211,KABUPATEN SUMEDANG,0-5 TAHUN,0,2019
450,32,JAWA BARAT,3211,KABUPATEN SUMEDANG,6-12 TAHUN,0,2019
451,32,JAWA BARAT,3211,KABUPATEN SUMEDANG,13-17 TAHUN,1,2019
452,32,JAWA BARAT,3211,KABUPATEN SUMEDANG,18-24 TAHUN,0,2019
453,32,JAWA BARAT,3211,KABUPATEN SUMEDANG,25-44 TAHUN,0,2019
454,32,JAWA BARAT,3211,KABUPATEN SUMEDANG,45-59 TAHUN,0,2019
455,32,JAWA BARAT,3211,KABUPATEN SUMEDANG,60+ TAHUN,0,2019
456,32,JAWA BARAT,3212,KABUPATEN INDRAMAYU,0-5 TAHUN,0,2019
457,32,JAWA BARAT,3212,KABUPATEN INDRAMAYU,6-12 TAHUN,3,2019
458,32,JAWA BARAT,3212,KABUPATEN INDRAMAYU,13-17 TAHUN,2,2019
459,32,JAWA BARAT,3212,KABUPATEN INDRAMAYU,18-24 TAHUN,0,2019
460,32,JAWA BARAT,3212,KABUPATEN INDRAMAYU,25-44 TAHUN,0,2019
461,32,JAWA BARAT,3212,KABUPATEN INDRAMAYU,45-59 TAHUN,0,2019
462,32,JAWA BARAT,3212,KABUPATEN INDRAMAYU,60+ TAHUN,0,2019
463,32,JAWA BARAT,3213,KABUPATEN SUBANG,0-5 TAHUN,0,2019
464,32,JAWA BARAT,3213,KABUPATEN SUBANG,6-12 TAHUN,1,2019
465,32,JAWA BARAT,3213,KABUPATEN SUBANG,13-17 TAHUN,0,2019
466,32,JAWA BARAT,3213,KABUPATEN SUBANG,18-24 TAHUN,0,2019
467,32,JAWA BARAT,3213,KABUPATEN SUBANG,25-44 TAHUN,0,2019
468,32,JAWA BARAT,3213,KABUPATEN SUBANG,45-59 TAHUN,0,2019
469,32,JAWA BARAT,3213,KABUPATEN SUBANG,60+ TAHUN,0,2019
470,32,JAWA BARAT,3214,KABUPATEN PURWAKARTA,0-5 TAHUN,0,2019
471,32,JAWA BARAT,3214,KABUPATEN PURWAKARTA,6-12 TAHUN,1,2019
472,32,JAWA BARAT,3214,KABUPATEN PURWAKARTA,13-17 TAHUN,1,2019
473,32,JAWA BARAT,3214,KABUPATEN PURWAKARTA,18-24 TAHUN,0,2019
474,32,JAWA BARAT,3214,KABUPATEN PURWAKARTA,25-44 TAHUN,0,2019
475,32,JAWA BARAT,3214,KABUPATEN PURWAKARTA,45-59 TAHUN,0,2019
476,32,JAWA BARAT,3214,KABUPATEN PURWAKARTA,60+ TAHUN,0,2019
477,32,JAWA BARAT,3215,KABUPATEN KARAWANG,0-5 TAHUN,0,2019
478,32,JAWA BARAT,3215,KABUPATEN KARAWANG,6-12 TAHUN,0,2019
479,32,JAWA BARAT,3215,KABUPATEN KARAWANG,13-17 TAHUN,0,2019
480,32,JAWA BARAT,3215,KABUPATEN KARAWANG,18-24 TAHUN,0,2019
481,32,JAWA BARAT,3215,KABUPATEN KARAWANG,25-44 TAHUN,0,2019
482,32,JAWA BARAT,3215,KABUPATEN KARAWANG,45-59 TAHUN,0,2019
483,32,JAWA BARAT,3215,KABUPATEN KARAWANG,60+ TAHUN,0,2019
484,32,JAWA BARAT,3216,KABUPATEN BEKASI,0-5 TAHUN,1,2019
485,32,JAWA BARAT,3216,KABUPATEN BEKASI,6-12 TAHUN,1,2019
486,32,JAWA BARAT,3216,KABUPATEN BEKASI,13-17 TAHUN,0,2019
487,32,JAWA BARAT,3216,KABUPATEN BEKASI,18-24 TAHUN,0,2019
488,32,JAWA BARAT,3216,KABUPATEN BEKASI,25-44 TAHUN,0,2019
489,32,JAWA BARAT,3216,KABUPATEN BEKASI,45-59 TAHUN,0,2019
490,32,JAWA BARAT,3216,KABUPATEN BEKASI,60+ TAHUN,0,2019
491,32,JAWA BARAT,3217,KABUPATEN BANDUNG BARAT,0-5 TAHUN,1,2019
492,32,JAWA BARAT,3217,KABUPATEN BANDUNG BARAT,6-12 TAHUN,1,2019
493,32,JAWA BARAT,3217,KABUPATEN BANDUNG BARAT,13-17 TAHUN,0,2019
494,32,JAWA BARAT,3217,KABUPATEN BANDUNG BARAT,18-24 TAHUN,0,2019
495,32,JAWA BARAT,3217,KABUPATEN BANDUNG BARAT,25-44 TAHUN,0,2019
496,32,JAWA BARAT,3217,KABUPATEN BANDUNG BARAT,45-59 TAHUN,0,2019
497,32,JAWA BARAT,3217,KABUPATEN BANDUNG BARAT,60+ TAHUN,0,2019
498,32,JAWA BARAT,3218,KABUPATEN PANGANDARAN,0-5 TAHUN,0,2019
499,32,JAWA BARAT,3218,KABUPATEN PANGANDARAN,6-12 TAHUN,4,2019
500,32,JAWA BARAT,3218,KABUPATEN PANGANDARAN,13-17 TAHUN,0,2019
501,32,JAWA BARAT,3218,KABUPATEN PANGANDARAN,18-24 TAHUN,0,2019
502,32,JAWA BARAT,3218,KABUPATEN PANGANDARAN,25-44 TAHUN,0,2019
503,32,JAWA BARAT,3218,KABUPATEN PANGANDARAN,45-59 TAHUN,0,2019
504,32,JAWA BARAT,3218,KABUPATEN PANGANDARAN,60+ TAHUN,0,2019
505,32,JAWA BARAT,3271,KOTA BOGOR,0-5 TAHUN,0,2019
506,32,JAWA BARAT,3271,KOTA BOGOR,6-12 TAHUN,2,2019
507,32,JAWA BARAT,3271,KOTA BOGOR,13-17 TAHUN,4,2019
508,32,JAWA BARAT,3271,KOTA BOGOR,18-24 TAHUN,0,2019
509,32,JAWA BARAT,3271,KOTA BOGOR,25-44 TAHUN,0,2019
510,32,JAWA BARAT,3271,KOTA BOGOR,45-59 TAHUN,0,2019
511,32,JAWA BARAT,3271,KOTA BOGOR,60+ TAHUN,0,2019
512,32,JAWA BARAT,3272,KOTA SUKABUMI,0-5 TAHUN,0,2019
513,32,JAWA BARAT,3272,KOTA SUKABUMI,6-12 TAHUN,0,2019
514,32,JAWA BARAT,3272,KOTA SUKABUMI,13-17 TAHUN,0,2019
515,32,JAWA BARAT,3272,KOTA SUKABUMI,18-24 TAHUN,0,2019
516,32,JAWA BARAT,3272,KOTA SUKABUMI,25-44 TAHUN,0,2019
517,32,JAWA BARAT,3272,KOTA SUKABUMI,45-59 TAHUN,0,2019
518,32,JAWA BARAT,3272,KOTA SUKABUMI,60+ TAHUN,0,2019
519,32,JAWA BARAT,3273,KOTA BANDUNG,0-5 TAHUN,10,2019
520,32,JAWA BARAT,3273,KOTA BANDUNG,6-12 TAHUN,64,2019
521,32,JAWA BARAT,3273,KOTA BANDUNG,13-17 TAHUN,25,2019
522,32,JAWA BARAT,3273,KOTA BANDUNG,18-24 TAHUN,0,2019
523,32,JAWA BARAT,3273,KOTA BANDUNG,25-44 TAHUN,0,2019
524,32,JAWA BARAT,3273,KOTA BANDUNG,45-59 TAHUN,0,2019
525,32,JAWA BARAT,3273,KOTA BANDUNG,60+ TAHUN,0,2019
526,32,JAWA BARAT,3274,KOTA CIREBON,0-5 TAHUN,0,2019
527,32,JAWA BARAT,3274,KOTA CIREBON,6-12 TAHUN,1,2019
528,32,JAWA BARAT,3274,KOTA CIREBON,13-17 TAHUN,1,2019
529,32,JAWA BARAT,3274,KOTA CIREBON,18-24 TAHUN,0,2019
530,32,JAWA BARAT,3274,KOTA CIREBON,25-44 TAHUN,0,2019
531,32,JAWA BARAT,3274,KOTA CIREBON,45-59 TAHUN,0,2019
532,32,JAWA BARAT,3274,KOTA CIREBON,60+ TAHUN,0,2019
533,32,JAWA BARAT,3275,KOTA BEKASI,0-5 TAHUN,0,2019
534,32,JAWA BARAT,3275,KOTA BEKASI,6-12 TAHUN,0,2019
535,32,JAWA BARAT,3275,KOTA BEKASI,13-17 TAHUN,0,2019
536,32,JAWA BARAT,3275,KOTA BEKASI,18-24 TAHUN,0,2019
537,32,JAWA BARAT,3275,KOTA BEKASI,25-44 TAHUN,0,2019
538,32,JAWA BARAT,3275,KOTA BEKASI,45-59 TAHUN,0,2019
539,32,JAWA BARAT,3275,KOTA BEKASI,60+ TAHUN,0,2019
540,32,JAWA BARAT,3276,KOTA DEPOK,0-5 TAHUN,2,2019
541,32,JAWA BARAT,3276,KOTA DEPOK,6-12 TAHUN,1,2019
542,32,JAWA BARAT,3276,KOTA DEPOK,13-17 TAHUN,3,2019
543,32,JAWA BARAT,3276,KOTA DEPOK,18-24 TAHUN,0,2019
544,32,JAWA BARAT,3276,KOTA DEPOK,25-44 TAHUN,0,2019
545,32,JAWA BARAT,3276,KOTA DEPOK,45-59 TAHUN,0,2019
546,32,JAWA BARAT,3276,KOTA DEPOK,60+ TAHUN,0,2019
547,32,JAWA BARAT,3277,KOTA CIMAHI,0-5 TAHUN,0,2019
548,32,JAWA BARAT,3277,KOTA CIMAHI,6-12 TAHUN,2,2019
549,32,JAWA BARAT,3277,KOTA CIMAHI,13-17 TAHUN,0,2019
550,32,JAWA BARAT,3277,KOTA CIMAHI,18-24 TAHUN,0,2019
551,32,JAWA BARAT,3277,KOTA CIMAHI,25-44 TAHUN,0,2019
552,32,JAWA BARAT,3277,KOTA CIMAHI,45-59 TAHUN,0,2019
553,32,JAWA BARAT,3277,KOTA CIMAHI,60+ TAHUN,0,2019
554,32,JAWA BARAT,3278,KOTA TASIKMALAYA,0-5 TAHUN,0,2019
555,32,JAWA BARAT,3278,KOTA TASIKMALAYA,6-12 TAHUN,4,2019
556,32,JAWA BARAT,3278,KOTA TASIKMALAYA,13-17 TAHUN,0,2019
557,32,JAWA BARAT,3278,KOTA TASIKMALAYA,18-24 TAHUN,0,2019
558,32,JAWA BARAT,3278,KOTA TASIKMALAYA,25-44 TAHUN,0,2019
559,32,JAWA BARAT,3278,KOTA TASIKMALAYA,45-59 TAHUN,0,2019
560,32,JAWA BARAT,3278,KOTA TASIKMALAYA,60+ TAHUN,0,2019
561,32,JAWA BARAT,3279,KOTA BANJAR,0-5 TAHUN,0,2019
562,32,JAWA BARAT,3279,KOTA BANJAR,6-12 TAHUN,0,2019
563,32,JAWA BARAT,3279,KOTA BANJAR,13-17 TAHUN,0,2019
564,32,JAWA BARAT,3279,KOTA BANJAR,18-24 TAHUN,0,2019
565,32,JAWA BARAT,3279,KOTA BANJAR,25-44 TAHUN,0,2019
566,32,JAWA BARAT,3279,KOTA BANJAR,45-59 TAHUN,0,2019
567,32,JAWA BARAT,3279,KOTA BANJAR,60+ TAHUN,0,2019
568,32,JAWA BARAT,3201,KABUPATEN BOGOR,0-5 TAHUN,1,2020
569,32,JAWA BARAT,3201,KABUPATEN BOGOR,6-12 TAHUN,2,2020
570,32,JAWA BARAT,3201,KABUPATEN BOGOR,13-17 TAHUN,4,2020
571,32,JAWA BARAT,3201,KABUPATEN BOGOR,18-24 TAHUN,0,2020
572,32,JAWA BARAT,3201,KABUPATEN BOGOR,25-44 TAHUN,0,2020
573,32,JAWA BARAT,3201,KABUPATEN BOGOR,45-59 TAHUN,0,2020
574,32,JAWA BARAT,3201,KABUPATEN BOGOR,60+ TAHUN,0,2020
575,32,JAWA BARAT,3202,KABUPATEN SUKABUMI,0-5 TAHUN,2,2020
576,32,JAWA BARAT,3202,KABUPATEN SUKABUMI,6-12 TAHUN,7,2020
577,32,JAWA BARAT,3202,KABUPATEN SUKABUMI,13-17 TAHUN,40,2020
578,32,JAWA BARAT,3202,KABUPATEN SUKABUMI,18-24 TAHUN,0,2020
579,32,JAWA BARAT,3202,KABUPATEN SUKABUMI,25-44 TAHUN,0,2020
580,32,JAWA BARAT,3202,KABUPATEN SUKABUMI,45-59 TAHUN,0,2020
581,32,JAWA BARAT,3202,KABUPATEN SUKABUMI,60+ TAHUN,0,2020
582,32,JAWA BARAT,3203,KABUPATEN CIANJUR,0-5 TAHUN,0,2020
583,32,JAWA BARAT,3203,KABUPATEN CIANJUR,6-12 TAHUN,0,2020
584,32,JAWA BARAT,3203,KABUPATEN CIANJUR,13-17 TAHUN,0,2020
585,32,JAWA BARAT,3203,KABUPATEN CIANJUR,18-24 TAHUN,0,2020
586,32,JAWA BARAT,3203,KABUPATEN CIANJUR,25-44 TAHUN,0,2020
587,32,JAWA BARAT,3203,KABUPATEN CIANJUR,45-59 TAHUN,0,2020
588,32,JAWA BARAT,3203,KABUPATEN CIANJUR,60+ TAHUN,0,2020
589,32,JAWA BARAT,3204,KABUPATEN BANDUNG,0-5 TAHUN,2,2020
590,32,JAWA BARAT,3204,KABUPATEN BANDUNG,6-12 TAHUN,14,2020
591,32,JAWA BARAT,3204,KABUPATEN BANDUNG,13-17 TAHUN,9,2020
592,32,JAWA BARAT,3204,KABUPATEN BANDUNG,18-24 TAHUN,0,2020
593,32,JAWA BARAT,3204,KABUPATEN BANDUNG,25-44 TAHUN,0,2020
594,32,JAWA BARAT,3204,KABUPATEN BANDUNG,45-59 TAHUN,0,2020
595,32,JAWA BARAT,3204,KABUPATEN BANDUNG,60+ TAHUN,0,2020
596,32,JAWA BARAT,3205,KABUPATEN GARUT,0-5 TAHUN,0,2020
597,32,JAWA BARAT,3205,KABUPATEN GARUT,6-12 TAHUN,0,2020
598,32,JAWA BARAT,3205,KABUPATEN GARUT,13-17 TAHUN,0,2020
599,32,JAWA BARAT,3205,KABUPATEN GARUT,18-24 TAHUN,0,2020
600,32,JAWA BARAT,3205,KABUPATEN GARUT,25-44 TAHUN,0,2020
601,32,JAWA BARAT,3205,KABUPATEN GARUT,45-59 TAHUN,0,2020
602,32,JAWA BARAT,3205,KABUPATEN GARUT,60+ TAHUN,0,2020
603,32,JAWA BARAT,3206,KABUPATEN TASIKMALAYA,0-5 TAHUN,3,2020
604,32,JAWA BARAT,3206,KABUPATEN TASIKMALAYA,6-12 TAHUN,7,2020
605,32,JAWA BARAT,3206,KABUPATEN TASIKMALAYA,13-17 TAHUN,4,2020
606,32,JAWA BARAT,3206,KABUPATEN TASIKMALAYA,18-24 TAHUN,0,2020
607,32,JAWA BARAT,3206,KABUPATEN TASIKMALAYA,25-44 TAHUN,0,2020
608,32,JAWA BARAT,3206,KABUPATEN TASIKMALAYA,45-59 TAHUN,0,2020
609,32,JAWA BARAT,3206,KABUPATEN TASIKMALAYA,60+ TAHUN,0,2020
610,32,JAWA BARAT,3207,KABUPATEN CIAMIS,0-5 TAHUN,0,2020
611,32,JAWA BARAT,3207,KABUPATEN CIAMIS,6-12 TAHUN,3,2020
612,32,JAWA BARAT,3207,KABUPATEN CIAMIS,13-17 TAHUN,1,2020
613,32,JAWA BARAT,3207,KABUPATEN CIAMIS,18-24 TAHUN,0,2020
614,32,JAWA BARAT,3207,KABUPATEN CIAMIS,25-44 TAHUN,0,2020
615,32,JAWA BARAT,3207,KABUPATEN CIAMIS,45-59 TAHUN,0,2020
616,32,JAWA BARAT,3207,KABUPATEN CIAMIS,60+ TAHUN,0,2020
617,32,JAWA BARAT,3208,KABUPATEN KUNINGAN,0-5 TAHUN,0,2020
618,32,JAWA BARAT,3208,KABUPATEN KUNINGAN,6-12 TAHUN,1,2020
619,32,JAWA BARAT,3208,KABUPATEN KUNINGAN,13-17 TAHUN,4,2020
620,32,JAWA BARAT,3208,KABUPATEN KUNINGAN,18-24 TAHUN,0,2020
621,32,JAWA BARAT,3208,KABUPATEN KUNINGAN,25-44 TAHUN,0,2020
622,32,JAWA BARAT,3208,KABUPATEN KUNINGAN,45-59 TAHUN,0,2020
623,32,JAWA BARAT,3208,KABUPATEN KUNINGAN,60+ TAHUN,0,2020
624,32,JAWA BARAT,3209,KABUPATEN CIREBON,0-5 TAHUN,5,2020
625,32,JAWA BARAT,3209,KABUPATEN CIREBON,6-12 TAHUN,5,2020
626,32,JAWA BARAT,3209,KABUPATEN CIREBON,13-17 TAHUN,6,2020
627,32,JAWA BARAT,3209,KABUPATEN CIREBON,18-24 TAHUN,0,2020
628,32,JAWA BARAT,3209,KABUPATEN CIREBON,25-44 TAHUN,0,2020
629,32,JAWA BARAT,3209,KABUPATEN CIREBON,45-59 TAHUN,0,2020
630,32,JAWA BARAT,3209,KABUPATEN CIREBON,60+ TAHUN,0,2020
631,32,JAWA BARAT,3210,KABUPATEN MAJALENGKA,0-5 TAHUN,1,2020
632,32,JAWA BARAT,3210,KABUPATEN MAJALENGKA,6-12 TAHUN,1,2020
633,32,JAWA BARAT,3210,KABUPATEN MAJALENGKA,13-17 TAHUN,1,2020
634,32,JAWA BARAT,3210,KABUPATEN MAJALENGKA,18-24 TAHUN,0,2020
635,32,JAWA BARAT,3210,KABUPATEN MAJALENGKA,25-44 TAHUN,0,2020
636,32,JAWA BARAT,3210,KABUPATEN MAJALENGKA,45-59 TAHUN,0,2020
637,32,JAWA BARAT,3210,KABUPATEN MAJALENGKA,60+ TAHUN,0,2020
638,32,JAWA BARAT,3211,KABUPATEN SUMEDANG,0-5 TAHUN,3,2020
639,32,JAWA BARAT,3211,KABUPATEN SUMEDANG,6-12 TAHUN,1,2020
640,32,JAWA BARAT,3211,KABUPATEN SUMEDANG,13-17 TAHUN,0,2020
641,32,JAWA BARAT,3211,KABUPATEN SUMEDANG,18-24 TAHUN,0,2020
642,32,JAWA BARAT,3211,KABUPATEN SUMEDANG,25-44 TAHUN,0,2020
643,32,JAWA BARAT,3211,KABUPATEN SUMEDANG,45-59 TAHUN,0,2020
644,32,JAWA BARAT,3211,KABUPATEN SUMEDANG,60+ TAHUN,0,2020
645,32,JAWA BARAT,3212,KABUPATEN INDRAMAYU,0-5 TAHUN,0,2020
646,32,JAWA BARAT,3212,KABUPATEN INDRAMAYU,6-12 TAHUN,0,2020
647,32,JAWA BARAT,3212,KABUPATEN INDRAMAYU,13-17 TAHUN,0,2020
648,32,JAWA BARAT,3212,KABUPATEN INDRAMAYU,18-24 TAHUN,0,2020
649,32,JAWA BARAT,3212,KABUPATEN INDRAMAYU,25-44 TAHUN,0,2020
650,32,JAWA BARAT,3212,KABUPATEN INDRAMAYU,45-59 TAHUN,0,2020
651,32,JAWA BARAT,3212,KABUPATEN INDRAMAYU,60+ TAHUN,0,2020
652,32,JAWA BARAT,3213,KABUPATEN SUBANG,0-5 TAHUN,0,2020
653,32,JAWA BARAT,3213,KABUPATEN SUBANG,6-12 TAHUN,0,2020
654,32,JAWA BARAT,3213,KABUPATEN SUBANG,13-17 TAHUN,6,2020
655,32,JAWA BARAT,3213,KABUPATEN SUBANG,18-24 TAHUN,0,2020
656,32,JAWA BARAT,3213,KABUPATEN SUBANG,25-44 TAHUN,0,2020
657,32,JAWA BARAT,3213,KABUPATEN SUBANG,45-59 TAHUN,0,2020
658,32,JAWA BARAT,3213,KABUPATEN SUBANG,60+ TAHUN,0,2020
659,32,JAWA BARAT,3214,KABUPATEN PURWAKARTA,0-5 TAHUN,0,2020
660,32,JAWA BARAT,3214,KABUPATEN PURWAKARTA,6-12 TAHUN,1,2020
661,32,JAWA BARAT,3214,KABUPATEN PURWAKARTA,13-17 TAHUN,3,2020
662,32,JAWA BARAT,3214,KABUPATEN PURWAKARTA,18-24 TAHUN,0,2020
663,32,JAWA BARAT,3214,KABUPATEN PURWAKARTA,25-44 TAHUN,0,2020
664,32,JAWA BARAT,3214,KABUPATEN PURWAKARTA,45-59 TAHUN,0,2020
665,32,JAWA BARAT,3214,KABUPATEN PURWAKARTA,60+ TAHUN,0,2020
666,32,JAWA BARAT,3215,KABUPATEN KARAWANG,0-5 TAHUN,1,2020
667,32,JAWA BARAT,3215,KABUPATEN KARAWANG,6-12 TAHUN,4,2020
668,32,JAWA BARAT,3215,KABUPATEN KARAWANG,13-17 TAHUN,4,2020
669,32,JAWA BARAT,3215,KABUPATEN KARAWANG,18-24 TAHUN,0,2020
670,32,JAWA BARAT,3215,KABUPATEN KARAWANG,25-44 TAHUN,0,2020
671,32,JAWA BARAT,3215,KABUPATEN KARAWANG,45-59 TAHUN,0,2020
672,32,JAWA BARAT,3215,KABUPATEN KARAWANG,60+ TAHUN,0,2020
673,32,JAWA BARAT,3216,KABUPATEN BEKASI,0-5 TAHUN,2,2020
674,32,JAWA BARAT,3216,KABUPATEN BEKASI,6-12 TAHUN,7,2020
675,32,JAWA BARAT,3216,KABUPATEN BEKASI,13-17 TAHUN,9,2020
676,32,JAWA BARAT,3216,KABUPATEN BEKASI,18-24 TAHUN,0,2020
677,32,JAWA BARAT,3216,KABUPATEN BEKASI,25-44 TAHUN,0,2020
678,32,JAWA BARAT,3216,KABUPATEN BEKASI,45-59 TAHUN,0,2020
679,32,JAWA BARAT,3216,KABUPATEN BEKASI,60+ TAHUN,0,2020
680,32,JAWA BARAT,3217,KABUPATEN BANDUNG BARAT,0-5 TAHUN,0,2020
681,32,JAWA BARAT,3217,KABUPATEN BANDUNG BARAT,6-12 TAHUN,0,2020
682,32,JAWA BARAT,3217,KABUPATEN BANDUNG BARAT,13-17 TAHUN,4,2020
683,32,JAWA BARAT,3217,KABUPATEN BANDUNG BARAT,18-24 TAHUN,0,2020
684,32,JAWA BARAT,3217,KABUPATEN BANDUNG BARAT,25-44 TAHUN,0,2020
685,32,JAWA BARAT,3217,KABUPATEN BANDUNG BARAT,45-59 TAHUN,0,2020
686,32,JAWA BARAT,3217,KABUPATEN BANDUNG BARAT,60+ TAHUN,0,2020
687,32,JAWA BARAT,3218,KABUPATEN PANGANDARAN,0-5 TAHUN,4,2020
688,32,JAWA BARAT,3218,KABUPATEN PANGANDARAN,6-12 TAHUN,20,2020
689,32,JAWA BARAT,3218,KABUPATEN PANGANDARAN,13-17 TAHUN,0,2020
690,32,JAWA BARAT,3218,KABUPATEN PANGANDARAN,18-24 TAHUN,0,2020
691,32,JAWA BARAT,3218,KABUPATEN PANGANDARAN,25-44 TAHUN,0,2020
692,32,JAWA BARAT,3218,KABUPATEN PANGANDARAN,45-59 TAHUN,0,2020
693,32,JAWA BARAT,3218,KABUPATEN PANGANDARAN,60+ TAHUN,0,2020
694,32,JAWA BARAT,3271,KOTA BOGOR,0-5 TAHUN,2,2020
695,32,JAWA BARAT,3271,KOTA BOGOR,6-12 TAHUN,4,2020
696,32,JAWA BARAT,3271,KOTA BOGOR,13-17 TAHUN,0,2020
697,32,JAWA BARAT,3271,KOTA BOGOR,18-24 TAHUN,0,2020
698,32,JAWA BARAT,3271,KOTA BOGOR,25-44 TAHUN,0,2020
699,32,JAWA BARAT,3271,KOTA BOGOR,45-59 TAHUN,0,2020
700,32,JAWA BARAT,3271,KOTA BOGOR,60+ TAHUN,0,2020
701,32,JAWA BARAT,3272,KOTA SUKABUMI,0-5 TAHUN,2,2020
702,32,JAWA BARAT,3272,KOTA SUKABUMI,6-12 TAHUN,8,2020
703,32,JAWA BARAT,3272,KOTA SUKABUMI,13-17 TAHUN,16,2020
704,32,JAWA BARAT,3272,KOTA SUKABUMI,18-24 TAHUN,0,2020
705,32,JAWA BARAT,3272,KOTA SUKABUMI,25-44 TAHUN,0,2020
706,32,JAWA BARAT,3272,KOTA SUKABUMI,45-59 TAHUN,0,2020
707,32,JAWA BARAT,3272,KOTA SUKABUMI,60+ TAHUN,0,2020
708,32,JAWA BARAT,3273,KOTA BANDUNG,0-5 TAHUN,11,2020
709,32,JAWA BARAT,3273,KOTA BANDUNG,6-12 TAHUN,26,2020
710,32,JAWA BARAT,3273,KOTA BANDUNG,13-17 TAHUN,11,2020
711,32,JAWA BARAT,3273,KOTA BANDUNG,18-24 TAHUN,0,2020
712,32,JAWA BARAT,3273,KOTA BANDUNG,25-44 TAHUN,0,2020
713,32,JAWA BARAT,3273,KOTA BANDUNG,45-59 TAHUN,0,2020
714,32,JAWA BARAT,3273,KOTA BANDUNG,60+ TAHUN,0,2020
715,32,JAWA BARAT,3274,KOTA CIREBON,0-5 TAHUN,0,2020
716,32,JAWA BARAT,3274,KOTA CIREBON,6-12 TAHUN,2,2020
717,32,JAWA BARAT,3274,KOTA CIREBON,13-17 TAHUN,1,2020
718,32,JAWA BARAT,3274,KOTA CIREBON,18-24 TAHUN,0,2020
719,32,JAWA BARAT,3274,KOTA CIREBON,25-44 TAHUN,0,2020
720,32,JAWA BARAT,3274,KOTA CIREBON,45-59 TAHUN,0,2020
721,32,JAWA BARAT,3274,KOTA CIREBON,60+ TAHUN,0,2020
722,32,JAWA BARAT,3275,KOTA BEKASI,0-5 TAHUN,9,2020
723,32,JAWA BARAT,3275,KOTA BEKASI,6-12 TAHUN,20,2020
724,32,JAWA BARAT,3275,KOTA BEKASI,13-17 TAHUN,14,2020
725,32,JAWA BARAT,3275,KOTA BEKASI,18-24 TAHUN,0,2020
726,32,JAWA BARAT,3275,KOTA BEKASI,25-44 TAHUN,0,2020
727,32,JAWA BARAT,3275,KOTA BEKASI,45-59 TAHUN,0,2020
728,32,JAWA BARAT,3275,KOTA BEKASI,60+ TAHUN,0,2020
729,32,JAWA BARAT,3276,KOTA DEPOK,0-5 TAHUN,6,2020
730,32,JAWA BARAT,3276,KOTA DEPOK,6-12 TAHUN,15,2020
731,32,JAWA BARAT,3276,KOTA DEPOK,13-17 TAHUN,11,2020
732,32,JAWA BARAT,3276,KOTA DEPOK,18-24 TAHUN,0,2020
733,32,JAWA BARAT,3276,KOTA DEPOK,25-44 TAHUN,0,2020
734,32,JAWA BARAT,3276,KOTA DEPOK,45-59 TAHUN,0,2020
735,32,JAWA BARAT,3276,KOTA DEPOK,60+ TAHUN,0,2020
736,32,JAWA BARAT,3277,KOTA CIMAHI,0-5 TAHUN,0,2020
737,32,JAWA BARAT,3277,KOTA CIMAHI,6-12 TAHUN,2,2020
738,32,JAWA BARAT,3277,KOTA CIMAHI,13-17 TAHUN,2,2020
739,32,JAWA BARAT,3277,KOTA CIMAHI,18-24 TAHUN,0,2020
740,32,JAWA BARAT,3277,KOTA CIMAHI,25-44 TAHUN,0,2020
741,32,JAWA BARAT,3277,KOTA CIMAHI,45-59 TAHUN,0,2020
742,32,JAWA BARAT,3277,KOTA CIMAHI,60+ TAHUN,0,2020
743,32,JAWA BARAT,3278,KOTA TASIKMALAYA,0-5 TAHUN,0,2020
744,32,JAWA BARAT,3278,KOTA TASIKMALAYA,6-12 TAHUN,0,2020
745,32,JAWA BARAT,3278,KOTA TASIKMALAYA,13-17 TAHUN,2,2020
746,32,JAWA BARAT,3278,KOTA TASIKMALAYA,18-24 TAHUN,0,2020
747,32,JAWA BARAT,3278,KOTA TASIKMALAYA,25-44 TAHUN,0,2020
748,32,JAWA BARAT,3278,KOTA TASIKMALAYA,45-59 TAHUN,0,2020
749,32,JAWA BARAT,3278,KOTA TASIKMALAYA,60+ TAHUN,0,2020
750,32,JAWA BARAT,3279,KOTA BANJAR,0-5 TAHUN,0,2020
751,32,JAWA BARAT,3279,KOTA BANJAR,6-12 TAHUN,1,2020
752,32,JAWA BARAT,3279,KOTA BANJAR,13-17 TAHUN,5,2020
753,32,JAWA BARAT,3279,KOTA BANJAR,18-24 TAHUN,0,2020
754,32,JAWA BARAT,3279,KOTA BANJAR,25-44 TAHUN,0,2020
755,32,JAWA BARAT,3279,KOTA BANJAR,45-59 TAHUN,0,2020
756,32,JAWA BARAT,3279,KOTA BANJAR,60+ TAHUN,0,2020
757,32,JAWA BARAT,3201,KABUPATEN BOGOR,0-5 TAHUN,3,2021
758,32,JAWA BARAT,3201,KABUPATEN BOGOR,6-12 TAHUN,4,2021
759,32,JAWA BARAT,3201,KABUPATEN BOGOR,13-17 TAHUN,1,2021
760,32,JAWA BARAT,3201,KABUPATEN BOGOR,18-24 TAHUN,0,2021
761,32,JAWA BARAT,3201,KABUPATEN BOGOR,25-44 TAHUN,0,2021
762,32,JAWA BARAT,3201,KABUPATEN BOGOR,45-59 TAHUN,0,2021
763,32,JAWA BARAT,3201,KABUPATEN BOGOR,60+ TAHUN,0,2021
764,32,JAWA BARAT,3202,KABUPATEN SUKABUMI,0-5 TAHUN,3,2021
765,32,JAWA BARAT,3202,KABUPATEN SUKABUMI,6-12 TAHUN,15,2021
766,32,JAWA BARAT,3202,KABUPATEN SUKABUMI,13-17 TAHUN,13,2021
767,32,JAWA BARAT,3202,KABUPATEN SUKABUMI,18-24 TAHUN,0,2021
768,32,JAWA BARAT,3202,KABUPATEN SUKABUMI,25-44 TAHUN,0,2021
769,32,JAWA BARAT,3202,KABUPATEN SUKABUMI,45-59 TAHUN,0,2021
770,32,JAWA BARAT,3202,KABUPATEN SUKABUMI,60+ TAHUN,0,2021
771,32,JAWA BARAT,3203,KABUPATEN CIANJUR,0-5 TAHUN,2,2021
772,32,JAWA BARAT,3203,KABUPATEN CIANJUR,6-12 TAHUN,3,2021
773,32,JAWA BARAT,3203,KABUPATEN CIANJUR,13-17 TAHUN,2,2021
774,32,JAWA BARAT,3203,KABUPATEN CIANJUR,18-24 TAHUN,0,2021
775,32,JAWA BARAT,3203,KABUPATEN CIANJUR,25-44 TAHUN,0,2021
776,32,JAWA BARAT,3203,KABUPATEN CIANJUR,45-59 TAHUN,0,2021
777,32,JAWA BARAT,3203,KABUPATEN CIANJUR,60+ TAHUN,0,2021
778,32,JAWA BARAT,3204,KABUPATEN BANDUNG,0-5 TAHUN,6,2021
779,32,JAWA BARAT,3204,KABUPATEN BANDUNG,6-12 TAHUN,14,2021
780,32,JAWA BARAT,3204,KABUPATEN BANDUNG,13-17 TAHUN,12,2021
781,32,JAWA BARAT,3204,KABUPATEN BANDUNG,18-24 TAHUN,0,2021
782,32,JAWA BARAT,3204,KABUPATEN BANDUNG,25-44 TAHUN,0,2021
783,32,JAWA BARAT,3204,KABUPATEN BANDUNG,45-59 TAHUN,0,2021
784,32,JAWA BARAT,3204,KABUPATEN BANDUNG,60+ TAHUN,0,2021
785,32,JAWA BARAT,3205,KABUPATEN GARUT,0-5 TAHUN,1,2021
786,32,JAWA BARAT,3205,KABUPATEN GARUT,6-12 TAHUN,0,2021
787,32,JAWA BARAT,3205,KABUPATEN GARUT,13-17 TAHUN,1,2021
788,32,JAWA BARAT,3205,KABUPATEN GARUT,18-24 TAHUN,0,2021
789,32,JAWA BARAT,3205,KABUPATEN GARUT,25-44 TAHUN,0,2021
790,32,JAWA BARAT,3205,KABUPATEN GARUT,45-59 TAHUN,0,2021
791,32,JAWA BARAT,3205,KABUPATEN GARUT,60+ TAHUN,0,2021
792,32,JAWA BARAT,3206,KABUPATEN TASIKMALAYA,0-5 TAHUN,2,2021
793,32,JAWA BARAT,3206,KABUPATEN TASIKMALAYA,6-12 TAHUN,8,2021
794,32,JAWA BARAT,3206,KABUPATEN TASIKMALAYA,13-17 TAHUN,18,2021
795,32,JAWA BARAT,3206,KABUPATEN TASIKMALAYA,18-24 TAHUN,0,2021
796,32,JAWA BARAT,3206,KABUPATEN TASIKMALAYA,25-44 TAHUN,0,2021
797,32,JAWA BARAT,3206,KABUPATEN TASIKMALAYA,45-59 TAHUN,0,2021
798,32,JAWA BARAT,3206,KABUPATEN TASIKMALAYA,60+ TAHUN,0,2021
799,32,JAWA BARAT,3207,KABUPATEN CIAMIS,0-5 TAHUN,0,2021
800,32,JAWA BARAT,3207,KABUPATEN CIAMIS,6-12 TAHUN,2,2021
801,32,JAWA BARAT,3207,KABUPATEN CIAMIS,13-17 TAHUN,3,2021
802,32,JAWA BARAT,3207,KABUPATEN CIAMIS,18-24 TAHUN,0,2021
803,32,JAWA BARAT,3207,KABUPATEN CIAMIS,25-44 TAHUN,0,2021
804,32,JAWA BARAT,3207,KABUPATEN CIAMIS,45-59 TAHUN,0,2021
805,32,JAWA BARAT,3207,KABUPATEN CIAMIS,60+ TAHUN,0,2021
806,32,JAWA BARAT,3208,KABUPATEN KUNINGAN,0-5 TAHUN,0,2021
807,32,JAWA BARAT,3208,KABUPATEN KUNINGAN,6-12 TAHUN,3,2021
808,32,JAWA BARAT,3208,KABUPATEN KUNINGAN,13-17 TAHUN,3,2021
809,32,JAWA BARAT,3208,KABUPATEN KUNINGAN,18-24 TAHUN,0,2021
810,32,JAWA BARAT,3208,KABUPATEN KUNINGAN,25-44 TAHUN,0,2021
811,32,JAWA BARAT,3208,KABUPATEN KUNINGAN,45-59 TAHUN,0,2021
812,32,JAWA BARAT,3208,KABUPATEN KUNINGAN,60+ TAHUN,0,2021
813,32,JAWA BARAT,3209,KABUPATEN CIREBON,0-5 TAHUN,2,2021
814,32,JAWA BARAT,3209,KABUPATEN CIREBON,6-12 TAHUN,14,2021
815,32,JAWA BARAT,3209,KABUPATEN CIREBON,13-17 TAHUN,8,2021
816,32,JAWA BARAT,3209,KABUPATEN CIREBON,18-24 TAHUN,0,2021
817,32,JAWA BARAT,3209,KABUPATEN CIREBON,25-44 TAHUN,0,2021
818,32,JAWA BARAT,3209,KABUPATEN CIREBON,45-59 TAHUN,0,2021
819,32,JAWA BARAT,3209,KABUPATEN CIREBON,60+ TAHUN,0,2021
820,32,JAWA BARAT,3210,KABUPATEN MAJALENGKA,0-5 TAHUN,2,2021
821,32,JAWA BARAT,3210,KABUPATEN MAJALENGKA,6-12 TAHUN,3,2021
822,32,JAWA BARAT,3210,KABUPATEN MAJALENGKA,13-17 TAHUN,1,2021
823,32,JAWA BARAT,3210,KABUPATEN MAJALENGKA,18-24 TAHUN,0,2021
824,32,JAWA BARAT,3210,KABUPATEN MAJALENGKA,25-44 TAHUN,0,2021
825,32,JAWA BARAT,3210,KABUPATEN MAJALENGKA,45-59 TAHUN,0,2021
826,32,JAWA BARAT,3210,KABUPATEN MAJALENGKA,60+ TAHUN,0,2021
827,32,JAWA BARAT,3211,KABUPATEN SUMEDANG,0-5 TAHUN,0,2021
828,32,JAWA BARAT,3211,KABUPATEN SUMEDANG,6-12 TAHUN,1,2021
829,32,JAWA BARAT,3211,KABUPATEN SUMEDANG,13-17 TAHUN,3,2021
830,32,JAWA BARAT,3211,KABUPATEN SUMEDANG,18-24 TAHUN,0,2021
831,32,JAWA BARAT,3211,KABUPATEN SUMEDANG,25-44 TAHUN,0,2021
832,32,JAWA BARAT,3211,KABUPATEN SUMEDANG,45-59 TAHUN,0,2021
833,32,JAWA BARAT,3211,KABUPATEN SUMEDANG,60+ TAHUN,0,2021
834,32,JAWA BARAT,3212,KABUPATEN INDRAMAYU,0-5 TAHUN,3,2021
835,32,JAWA BARAT,3212,KABUPATEN INDRAMAYU,6-12 TAHUN,3,2021
836,32,JAWA BARAT,3212,KABUPATEN INDRAMAYU,13-17 TAHUN,1,2021
837,32,JAWA BARAT,3212,KABUPATEN INDRAMAYU,18-24 TAHUN,0,2021
838,32,JAWA BARAT,3212,KABUPATEN INDRAMAYU,25-44 TAHUN,0,2021
839,32,JAWA BARAT,3212,KABUPATEN INDRAMAYU,45-59 TAHUN,0,2021
840,32,JAWA BARAT,3212,KABUPATEN INDRAMAYU,60+ TAHUN,0,2021
841,32,JAWA BARAT,3213,KABUPATEN SUBANG,0-5 TAHUN,1,2021
842,32,JAWA BARAT,3213,KABUPATEN SUBANG,6-12 TAHUN,0,2021
843,32,JAWA BARAT,3213,KABUPATEN SUBANG,13-17 TAHUN,2,2021
844,32,JAWA BARAT,3213,KABUPATEN SUBANG,18-24 TAHUN,0,2021
845,32,JAWA BARAT,3213,KABUPATEN SUBANG,25-44 TAHUN,0,2021
846,32,JAWA BARAT,3213,KABUPATEN SUBANG,45-59 TAHUN,0,2021
847,32,JAWA BARAT,3213,KABUPATEN SUBANG,60+ TAHUN,0,2021
848,32,JAWA BARAT,3214,KABUPATEN PURWAKARTA,0-5 TAHUN,1,2021
849,32,JAWA BARAT,3214,KABUPATEN PURWAKARTA,6-12 TAHUN,5,2021
850,32,JAWA BARAT,3214,KABUPATEN PURWAKARTA,13-17 TAHUN,2,2021
851,32,JAWA BARAT,3214,KABUPATEN PURWAKARTA,18-24 TAHUN,0,2021
852,32,JAWA BARAT,3214,KABUPATEN PURWAKARTA,25-44 TAHUN,0,2021
853,32,JAWA BARAT,3214,KABUPATEN PURWAKARTA,45-59 TAHUN,0,2021
854,32,JAWA BARAT,3214,KABUPATEN PURWAKARTA,60+ TAHUN,0,2021
855,32,JAWA BARAT,3215,KABUPATEN KARAWANG,0-5 TAHUN,2,2021
856,32,JAWA BARAT,3215,KABUPATEN KARAWANG,6-12 TAHUN,2,2021
857,32,JAWA BARAT,3215,KABUPATEN KARAWANG,13-17 TAHUN,0,2021
858,32,JAWA BARAT,3215,KABUPATEN KARAWANG,18-24 TAHUN,0,2021
859,32,JAWA BARAT,3215,KABUPATEN KARAWANG,25-44 TAHUN,0,2021
860,32,JAWA BARAT,3215,KABUPATEN KARAWANG,45-59 TAHUN,0,2021
861,32,JAWA BARAT,3215,KABUPATEN KARAWANG,60+ TAHUN,0,2021
862,32,JAWA BARAT,3216,KABUPATEN BEKASI,0-5 TAHUN,0,2021
863,32,JAWA BARAT,3216,KABUPATEN BEKASI,6-12 TAHUN,4,2021
864,32,JAWA BARAT,3216,KABUPATEN BEKASI,13-17 TAHUN,8,2021
865,32,JAWA BARAT,3216,KABUPATEN BEKASI,18-24 TAHUN,0,2021
866,32,JAWA BARAT,3216,KABUPATEN BEKASI,25-44 TAHUN,0,2021
867,32,JAWA BARAT,3216,KABUPATEN BEKASI,45-59 TAHUN,0,2021
868,32,JAWA BARAT,3216,KABUPATEN BEKASI,60+ TAHUN,0,2021
869,32,JAWA BARAT,3217,KABUPATEN BANDUNG BARAT,0-5 TAHUN,0,2021
870,32,JAWA BARAT,3217,KABUPATEN BANDUNG BARAT,6-12 TAHUN,5,2021
871,32,JAWA BARAT,3217,KABUPATEN BANDUNG BARAT,13-17 TAHUN,0,2021
872,32,JAWA BARAT,3217,KABUPATEN BANDUNG BARAT,18-24 TAHUN,0,2021
873,32,JAWA BARAT,3217,KABUPATEN BANDUNG BARAT,25-44 TAHUN,0,2021
874,32,JAWA BARAT,3217,KABUPATEN BANDUNG BARAT,45-59 TAHUN,0,2021
875,32,JAWA BARAT,3217,KABUPATEN BANDUNG BARAT,60+ TAHUN,0,2021
876,32,JAWA BARAT,3218,KABUPATEN PANGANDARAN,0-5 TAHUN,0,2021
877,32,JAWA BARAT,3218,KABUPATEN PANGANDARAN,6-12 TAHUN,2,2021
878,32,JAWA BARAT,3218,KABUPATEN PANGANDARAN,13-17 TAHUN,1,2021
879,32,JAWA BARAT,3218,KABUPATEN PANGANDARAN,18-24 TAHUN,0,2021
880,32,JAWA BARAT,3218,KABUPATEN PANGANDARAN,25-44 TAHUN,0,2021
881,32,JAWA BARAT,3218,KABUPATEN PANGANDARAN,45-59 TAHUN,0,2021
882,32,JAWA BARAT,3218,KABUPATEN PANGANDARAN,60+ TAHUN,0,2021
883,32,JAWA BARAT,3271,KOTA BOGOR,0-5 TAHUN,2,2021
884,32,JAWA BARAT,3271,KOTA BOGOR,6-12 TAHUN,3,2021
885,32,JAWA BARAT,3271,KOTA BOGOR,13-17 TAHUN,4,2021
886,32,JAWA BARAT,3271,KOTA BOGOR,18-24 TAHUN,0,2021
887,32,JAWA BARAT,3271,KOTA BOGOR,25-44 TAHUN,0,2021
888,32,JAWA BARAT,3271,KOTA BOGOR,45-59 TAHUN,0,2021
889,32,JAWA BARAT,3271,KOTA BOGOR,60+ TAHUN,0,2021
890,32,JAWA BARAT,3272,KOTA SUKABUMI,0-5 TAHUN,4,2021
891,32,JAWA BARAT,3272,KOTA SUKABUMI,6-12 TAHUN,7,2021
892,32,JAWA BARAT,3272,KOTA SUKABUMI,13-17 TAHUN,2,2021
893,32,JAWA BARAT,3272,KOTA SUKABUMI,18-24 TAHUN,0,2021
894,32,JAWA BARAT,3272,KOTA SUKABUMI,25-44 TAHUN,0,2021
895,32,JAWA BARAT,3272,KOTA SUKABUMI,45-59 TAHUN,0,2021
896,32,JAWA BARAT,3272,KOTA SUKABUMI,60+ TAHUN,0,2021
897,32,JAWA BARAT,3273,KOTA BANDUNG,0-5 TAHUN,4,2021
898,32,JAWA BARAT,3273,KOTA BANDUNG,6-12 TAHUN,18,2021
899,32,JAWA BARAT,3273,KOTA BANDUNG,13-17 TAHUN,17,2021
900,32,JAWA BARAT,3273,KOTA BANDUNG,18-24 TAHUN,0,2021
901,32,JAWA BARAT,3273,KOTA BANDUNG,25-44 TAHUN,0,2021
902,32,JAWA BARAT,3273,KOTA BANDUNG,45-59 TAHUN,0,2021
903,32,JAWA BARAT,3273,KOTA BANDUNG,60+ TAHUN,0,2021
904,32,JAWA BARAT,3274,KOTA CIREBON,0-5 TAHUN,1,2021
905,32,JAWA BARAT,3274,KOTA CIREBON,6-12 TAHUN,1,2021
906,32,JAWA BARAT,3274,KOTA CIREBON,13-17 TAHUN,0,2021
907,32,JAWA BARAT,3274,KOTA CIREBON,18-24 TAHUN,0,2021
908,32,JAWA BARAT,3274,KOTA CIREBON,25-44 TAHUN,0,2021
909,32,JAWA BARAT,3274,KOTA CIREBON,45-59 TAHUN,0,2021
910,32,JAWA BARAT,3274,KOTA CIREBON,60+ TAHUN,0,2021
911,32,JAWA BARAT,3275,KOTA BEKASI,0-5 TAHUN,7,2021
912,32,JAWA BARAT,3275,KOTA BEKASI,6-12 TAHUN,8,2021
913,32,JAWA BARAT,3275,KOTA BEKASI,13-17 TAHUN,6,2021
914,32,JAWA BARAT,3275,KOTA BEKASI,18-24 TAHUN,0,2021
915,32,JAWA BARAT,3275,KOTA BEKASI,25-44 TAHUN,0,2021
916,32,JAWA BARAT,3275,KOTA BEKASI,45-59 TAHUN,0,2021
917,32,JAWA BARAT,3275,KOTA BEKASI,60+ TAHUN,0,2021
918,32,JAWA BARAT,3276,KOTA DEPOK,0-5 TAHUN,8,2021
919,32,JAWA BARAT,3276,KOTA DEPOK,6-12 TAHUN,16,2021
920,32,JAWA BARAT,3276,KOTA DEPOK,13-17 TAHUN,5,2021
921,32,JAWA BARAT,3276,KOTA DEPOK,18-24 TAHUN,0,2021
922,32,JAWA BARAT,3276,KOTA DEPOK,25-44 TAHUN,0,2021
923,32,JAWA BARAT,3276,KOTA DEPOK,45-59 TAHUN,0,2021
924,32,JAWA BARAT,3276,KOTA DEPOK,60+ TAHUN,0,2021
925,32,JAWA BARAT,3277,KOTA CIMAHI,0-5 TAHUN,0,2021
926,32,JAWA BARAT,3277,KOTA CIMAHI,6-12 TAHUN,0,2021
927,32,JAWA BARAT,3277,KOTA CIMAHI,13-17 TAHUN,0,2021
928,32,JAWA BARAT,3277,KOTA CIMAHI,18-24 TAHUN,0,2021
929,32,JAWA BARAT,3277,KOTA CIMAHI,25-44 TAHUN,0,2021
930,32,JAWA BARAT,3277,KOTA CIMAHI,45-59 TAHUN,0,2021
931,32,JAWA BARAT,3277,KOTA CIMAHI,60+ TAHUN,0,2021
932,32,JAWA BARAT,3278,KOTA TASIKMALAYA,0-5 TAHUN,0,2021
933,32,JAWA BARAT,3278,KOTA TASIKMALAYA,6-12 TAHUN,0,2021
934,32,JAWA BARAT,3278,KOTA TASIKMALAYA,13-17 TAHUN,0,2021
935,32,JAWA BARAT,3278,KOTA TASIKMALAYA,18-24 TAHUN,0,2021
936,32,JAWA BARAT,3278,KOTA TASIKMALAYA,25-44 TAHUN,0,2021
937,32,JAWA BARAT,3278,KOTA TASIKMALAYA,45-59 TAHUN,0,2021
938,32,JAWA BARAT,3278,KOTA TASIKMALAYA,60+ TAHUN,0,2021
939,32,JAWA BARAT,3279,KOTA BANJAR,0-5 TAHUN,0,2021
940,32,JAWA BARAT,3279,KOTA BANJAR,6-12 TAHUN,0,2021
941,32,JAWA BARAT,3279,KOTA BANJAR,13-17 TAHUN,2,2021
942,32,JAWA BARAT,3279,KOTA BANJAR,18-24 TAHUN,0,2021
943,32,JAWA BARAT,3279,KOTA BANJAR,25-44 TAHUN,0,2021
944,32,JAWA BARAT,3279,KOTA BANJAR,45-59 TAHUN,0,2021
945,32,JAWA BARAT,3279,KOTA BANJAR,60+ TAHUN,0,2021
